{
    "loss": 0.6325719356536865,
    "accuracy": 0.8879310488700867
}